Class,Theta_0,Theta_1,Theta_2,Theta_3,Theta_4,Theta_5,Theta_6,Theta_7,Theta_8,Theta_9,Theta_10
0.0,-3.22698917623331,-2.994822834980129,1.2785535701090125,1.1031186629474148,0.07222651690363295,2.69881376587452,1.4999259911476222,-0.5954978367629047,-0.5814952817622595,2.4105219034157725,-0.5707906955099696
1.0,0.41576966595192877,-1.411300308452711,-2.351881752742352,2.369934956081739,-2.6845345242362777,-0.9975543407393422,-1.029229647593362,0.9823788413934721,1.5026138972883745,-1.366117806405483,-0.8365437726845132
2.0,-0.024734162560742682,1.45125797293049,-1.5844177540019824,-0.9449238550446862,0.6043533171919767,-0.5031725699368171,1.8524675442153662,-2.447627995652738,-2.5494355989811726,-1.3981390428092964,1.908699210080323
3.0,-1.418812812217905,2.1921483315711403,2.474843354994782,-3.3313014916071126,0.7845694198428417,-1.2729150681696801,-3.4278935523827574,0.9820529611367882,1.2802696130207432,-0.04561852543772442,-0.8957509692055506
