Class,Theta_0,Theta_1,Theta_2,Theta_3,Theta_4,Theta_5,Theta_6,Theta_7,Theta_8,Theta_9,Theta_10
0.0,-3.0834056473837554,4.088624310635621,-1.2809707943866306,-0.6391217937367993,-0.9008550458163487,-2.3039879612207477,5.354710260882407,-1.049383808820621,-5.079363216320527,-0.8688522546949304,6.396429621778335
1.0,-0.15316633359851087,7.118173288099445,0.2680888578914651,0.13048053835698106,0.41537251898386224,-2.1820298511223997,-6.351009323274004,0.18450605639372727,3.0177426795455,0.1667907768226014,-5.722521033809106
2.0,-2.3718666888855986,-4.682383867430343,-0.3720702288771224,-0.38886415383818007,-0.32055404647201075,9.864288377094281,1.1573068958882338,-0.7243991734821479,-1.0321673792697095,0.034697083025748775,-0.14225742040188
3.0,2.9348726583673024,-9.05315744650471,0.9785243528051805,1.0335482201634092,0.7479314074586112,-7.047732611687782,-1.685999262773686,0.8688038871610653,2.1517551112616653,0.6666927042829256,-1.4000998671673268
