Class,Theta_0,Theta_1,Theta_2,Theta_3,Theta_4,Theta_5,Theta_6,Theta_7,Theta_8,Theta_9,Theta_10
0.0,-1.3911466141849362,0.04097589483043564,0.000858554388785076,0.0009759172651591689,0.0015001963721885416,-0.01948685222133954,0.011287228189436782,0.0006821221755468078,-0.004361057968318885,0.0002437504745670926,0.01642482326816668
1.0,-0.708890879964474,0.059065124193011,-0.00797781633744418,-0.009136639280620619,-0.008230035250865393,-0.05121753193419978,-0.025613371508312208,-0.008242359511010343,-0.014521019000320393,-0.006842171901401113,-0.011717200422878896
2.0,-0.9280696289734255,-0.05172125161530095,0.009289138409750755,0.009327566694884656,0.00910429039670247,0.09217859914636249,0.027221596195932198,0.009021044957180875,0.018964194312201497,0.008417184240143216,0.005981197239299253
3.0,-1.420163761331056,-0.04363487176826297,0.007661902827346993,0.00864079798246997,0.007459569438489721,-0.019381740272334788,0.002916114826224986,0.008356884260183817,0.018059786608484306,0.005814778372148788,-8.410355336976698e-05
