Class,Theta_0,Theta_1,Theta_2,Theta_3,Theta_4,Theta_5,Theta_6,Theta_7,Theta_8,Theta_9,Theta_10
0.0,-2.6890752151949093,-2.794382501353355,1.0112192146550567,1.267194052353702,0.2261371767189485,2.479370670005675,1.5581979217508632,-0.7476238723831531,-1.1769036830598594,2.825761928971242,-1.3441439255151189
1.0,0.6659433076820821,-1.7696447617979738,-2.2029702128809108,2.2962993542271963,-2.828132795445286,-0.8104659773019534,-1.1345333930266155,1.0902072431421956,1.170538633607306,-1.1484300368661815,-0.9825819780702149
2.0,-0.5873624429892205,1.398191247908012,-1.758571895031432,-0.7346727091215,0.8110641856502113,0.01379846452146682,1.7687642608363041,-2.0844823689330028,-2.5929817431833464,-1.4648036983807542,2.3140049895985357
3.0,-1.4643275288340658,2.2471168595534836,2.630762757942659,-3.2746173785655115,0.6189913820074032,-1.980459259557005,-2.8604209576348723,1.1887670294091353,1.1950988412907373,0.044379188778577015,-1.1094425711895828
