Class,Theta_0,Theta_1,Theta_2,Theta_3,Theta_4,Theta_5,Theta_6,Theta_7,Theta_8,Theta_9,Theta_10
0.0,-2.8765310866168483,4.086622141487841,-1.0251454469053507,-0.8354155357454467,-0.8188590303188917,-2.2825635820884247,5.068861770953154,-0.9348142769568757,-5.165449265108222,-0.9626674601649735,6.369300959599409
1.0,-0.15426447274616303,7.0860347421149505,0.43866483793992855,-0.11669595472776469,0.08559535968091773,-2.1786970472836686,-6.499562612637804,0.38411406983659435,2.9873375136843774,0.47071848070114297,-5.448717037202233
2.0,-2.34232434183799,-4.633474337271696,-0.6120925284677524,-0.63886637516527,-0.19472322293521332,9.882330319155061,1.2705136560491517,-0.6824514030208546,-0.9569864462140927,0.1664456777569744,-0.34934737810934074
3.0,2.4579258720014727,-9.060277941279942,1.0030224579946467,1.0589535902427762,0.9397660769932642,-7.081984952965384,-1.4519492265492984,1.381593898606856,2.0869643855996736,0.7365150301286756,-1.4324722199521858
