Class,Theta_0,Theta_1,Theta_2,Theta_3,Theta_4,Theta_5,Theta_6,Theta_7,Theta_8,Theta_9,Theta_10
0.0,-2.7472533021863454,-2.9995775564437577,1.031706763264506,0.8055472592264588,0.09693286324835688,2.885557252219475,1.9432424238503534,-0.3118223141157343,-1.0386767424335295,2.301770349150399,-1.2157741223246565
1.0,0.3479281531003152,-1.3812841111733856,-1.70367886214041,2.687022174670514,-3.0246425086200177,-1.0418102553473685,-1.511457620456054,0.9730693454529867,1.2766731721099291,-1.2370597652402628,-0.8021291908567739
2.0,-0.0760616669752248,0.903931741101387,-2.1736379208064327,-1.1651703365569206,1.1505236223755242,-0.7115495653851248,1.673405119713303,-2.242822607707447,-2.2826564567991356,-1.0538451394105222,2.223393602299149
3.0,-1.4991094432127818,2.32495257947146,2.6004819458936774,-3.07990298857974,0.7254929337270913,-1.4409569896164223,-3.19213688452086,1.3187336171588542,0.9347716532686645,-0.2146935136296854,-1.0261630038413792
