Class,Theta_0,Theta_1,Theta_2,Theta_3,Theta_4,Theta_5,Theta_6,Theta_7,Theta_8,Theta_9,Theta_10
0.0,-2.9005668534023243,-3.3062625617683716,1.2199984345835335,0.8171581873252172,0.1423258969845508,2.829162259213991,1.9181487113022433,-0.423355886699308,-0.8017092944037928,2.1483189584519713,-1.082915623538891
1.0,0.5416928007019596,-1.2152099178596438,-2.3588946094928365,2.646872111933365,-2.8189543245350874,-0.7880999849193424,-1.1056757880511892,0.5306113667648152,1.291796396683947,-1.0909002431642894,-1.140805523451999
2.0,-0.21715667855307438,1.1594733345415476,-1.6144936160469765,-0.682926849453539,0.3944659955864384,-0.8076861492865907,1.721900492937904,-2.357221669611147,-2.2618390997822373,-1.4070435646175652,2.6193735343957862
3.0,-1.5145757279144425,2.54654628025595,2.5925568001468795,-3.2608634311471403,0.693621544486751,-1.5739164731713615,-2.7549522899113095,1.1795994975255157,1.1755733881726071,-0.299822231298043,-1.4076771528065657
